-- Заполнение таблицы Специальность
INSERT INTO specialization (name) VALUES
('Программист'),
('Дизайнер'),
('Менеджер'),
('Аналитик'),
('Инженер'),
('Учитель'),
('Врач'),
('Юрист'),
('Экономист'),
('Бухгалтер'),
('Разработчик ПО'),
('Маркетолог'),
('Системный администратор'),
('Химик'),
('Физик'),
('Психолог'),
('Строитель'),
('Архитектор'),
('Секретарь'),
('Финансист');

-- Заполнение таблицы Учебное заведение
INSERT INTO educational_institution (name) VALUES
('Московский Государственный Университет'),
('Санкт-Петербургский Государственный Университет'),
('Новосибирский Государственный Технический Университет'),
('Екатеринбургский Государственный Университет'),
('Ростовский Государственный Университет'),
('Казанский Федеральный Университет'),
('Сибирский Федеральный Университет'),
('Южный Федеральный Университет'),
('Уральский Федеральный Университет'),
('Пермский Государственный Университет'),
('Крымский Федеральный Университет'),
('Самарский Государственный Университет'),
('Томский Государственный Университет'),
('Тульский Государственный Университет'),
('Волгоградский Государственный Университет'),
('Красноярский Государственный Университет'),
('Дальневосточный Федеральный Университет'),
('Воронежский Государственный Университет'),
('Нижегородский Государственный Университет'),
('Рязанский Государственный Университет'),
('Калининградский Университет');

-- Заполнение таблицы Уровень образования
INSERT INTO education_level (name) VALUES
('Среднее'),
('Среднее специальное'),
('Бакалавр'),
('Магистр'),
('Доктор наук'),
('Аспирант'),
('Профессиональное обучение'),
('Профессиональная переподготовка'),
('Высшее образование'),
('Начальное образование'),
('Средне-профессиональное образование'),
('Техническое обучение'),
('Инженерное обучение'),
('Химическое образование'),
('Физико-математическое образование'),
('Психологическое образование'),
('Медицинское образование'),
('Архитектурное образование'),
('Экономическое образование');

-- Заполнение таблицы Документ об образовании
INSERT INTO education_document (name) VALUES
('Аттестат'),
('Диплом бакалавра'),
('Диплом магистра'),
('Аспирантский диплом'),
('Доктор наук'),
('Свидетельство об окончании курсов'),
('Сертификат'),
('Справка об обучении'),
('Документ о повышении квалификации'),
('Сертификат об участии в конференции'),
('Свидетельство о среднем образовании'),
('Аттестат о среднем образовании'),
('Свидетельство о высшем образовании'),
('Аттестат с отличием'),
('Диплом с отличием'),
('Свидетельство об образовании с технической направленностью'),
('Сертификат по языковым курсам'),
('Сертификат по IT-направлению'),
('Справка об обучении иностранных языков'),
('Сертификат по профессиональной переподготовке');

-- Заполнение таблицы Пособие
INSERT INTO allowance (amount) VALUES
(1000), (1200), (1500), (2000), (1800), (1300), (1400), (1600), (1100), (1750),
(1900), (2200), (2500), (3000), (2700), (3100), (3400), (4000), (3700), (4100);

-- Заполнение таблицы Требования к работнику
INSERT INTO applicant_requirements (name) VALUES
('Опыт работы не менее 3 лет'),
('Знание английского языка'),
('Опыт работы в команде'),
('Умение управлять временем'),
('Умение работать с компьютером'),
('Высокие аналитические способности'),
('Коммуникабельность'),
('Умение работать удаленно'),
('Опыт работы с клиентами'),
('Готовность к командировкам'),
('Опыт работы со статистикой'),
('Техническая грамотность'),
('Опыт работы в сфере IT'),
('Умение работать по графику'),
('Опыт в здравоохранении'),
('Опыт в инженерии'),
('Стрессоустойчивость'),
('Готовность к обучению'),
('Знание иностранных языков'),
('Опыт работы с документацией');

-- Заполнение таблицы Сфера деятельности
INSERT INTO field_of_activity (name) VALUES
('IT и технологии'), ('Медицина'), ('Образование'), ('Строительство'), ('Финансы'), 
('Маркетинг'), ('Системный анализ'), ('Телекоммуникации'), ('Научные исследования'), 
('Архитектура'), ('Транспорт'), ('Психология'), ('Химическая промышленность'), ('Энергетика');

-- Заполнение таблицы Город
INSERT INTO city (name) VALUES
('Москва'), ('Санкт-Петербург'), ('Екатеринбург'), ('Новосибирск'), ('Казань'),
('Тольятти'), ('Воронеж'), ('Красноярск'), ('Самара'), ('Ростов-на-Дону');

-- Заполнение таблицы Улица
INSERT INTO street (name) VALUES
('Улица Пушкина'), ('Улица Ленина'), ('Улица Гагарина'), ('Улица Пионерская'), 
('Улица Советская'), ('Улица Ломоносова'), ('Улица Красная'), ('Улица Белинского'),
('Улица Карла Маркса'), ('Улица Шевченко');

INSERT INTO applicant (
    last_name, 
    first_name, 
    middle_name, 
    age, 
    passport_number, 
    passport_issue_date, 
    passport_issued_by, 
    city_id, 
    street_id, 
    house_number, 
    phone_number, 
    photo, 
    education_level_id, 
    education_document_id, 
    education_document_details, 
    registration_date, 
    allowance_id
) VALUES
('Иванов', 'Иван', 'Иванович', 28, 123456, '2018-01-15', 'ГУВД', 1, 1, '15', '+79211234567', 'ivanov_photo.jpg', 1, 1, '12345', '2022-11-01', 1),
('Петров', 'Алексей', 'Сергеевич', 32, 234567, '2015-03-22', 'ГУВД', 2, 2, '18', '+79217654321', 'petrov_photo.jpg', 2, 2, '23456', '2022-10-15', 2),
('Сидоров', 'Артем', 'Викторович', 30, 345678, '2017-09-12', 'УФМС', 3, 3, '20', '+79304567890', 'sidorov_photo.jpg', 3, 3, '34567', '2022-08-22', 3),
('Кузнецов', 'Дмитрий', 'Николаевич', 25, 456789, '2019-06-10', 'УФМС', 1, 4, '5', '+79425678901', 'kuznetsov_photo.jpg', 1, 2, '56789', '2023-01-15', 4),
('Смирнова', 'Екатерина', 'Александровна', 29, 567890, '2016-05-20', 'ГУВД', 2, 5, '10', '+79561234567', 'smirnova_photo.jpg', 2, 1, '67890', '2022-12-01', 1),
('Васильев', 'Александр', 'Петрович', 31, 678901, '2018-02-14', 'УФМС', 3, 6, '9', '+79575432165', 'vasiliev_photo.jpg', 3, 3, '78901', '2023-01-20', 2),
('Зайцев', 'Максим', 'Игоревич', 26, 789012, '2019-07-25', 'ГУВД', 4, 7, '12', '+79436789012', 'zaitsev_photo.jpg', 1, 1, '89012', '2022-11-15', 1),
('Николаев', 'Роман', 'Алексеевич', 27, 890123, '2020-04-12', 'ГУВД', 1, 8, '3', '+79123456789', 'nikolaev_photo.jpg', 2, 2, '90123', '2022-09-01', 3),
('Федоров', 'Сергей', 'Романович', 33, 901234, '2017-01-30', 'УФМС', 2, 2, '8', '+79314567890', 'fedorov_photo.jpg', 3, 2, '12346', '2023-02-15', 4),
('Морозов', 'Владимир', 'Евгеньевич', 35, 123457, '2016-09-10', 'УФМС', 3, 1, '10', '+79425678901', 'morozov_photo.jpg', 1, 3, '23457', '2022-06-15', 2),
('Павлов', 'Константин', 'Ильич', 26, 234578, '2020-01-15', 'ГУВД', 4, 4, '6', '+79583456712', 'pavlov_photo.jpg', 2, 3, '34578', '2022-07-10', 3),
('Романов', 'Алексей', 'Дмитриевич', 31, 345679, '2017-04-01', 'УФМС', 3, 3, '13', '+79213456789', 'romanov_photo.jpg', 3, 1, '56789', '2023-01-22', 1),
('Крылов', 'Олег', 'Анатольевич', 29, 456780, '2018-05-15', 'ГУВД', 1, 2, '7', '+79456789012', 'krylov_photo.jpg', 1, 2, '67890', '2022-09-10', 2),
('Соколов', 'Евгений', 'Михайлович', 27, 567891, '2017-03-20', 'ГУВД', 2, 3, '9', '+79346789012', 'sokolov_photo.jpg', 2, 3, '78901', '2022-12-10', 2),
('Кузнецов', 'Павел', 'Сергеевич', 28, 678902, '2018-07-15', 'УФМС', 3, 4, '11', '+79546789013', 'kuznetsov_photo2.jpg', 3, 1, '89012', '2023-01-05', 4),
('Тимофеев', 'Антон', 'Петрович', 32, 789013, '2019-02-10', 'ГУВД', 1, 5, '15', '+79234567890', 'timofeev_photo.jpg', 2, 1, '90123', '2022-11-15', 3),
('Беляков', 'Александр', 'Игоревич', 29, 890234, '2020-10-15', 'УФМС', 4, 6, '7', '+79415678901', 'belyakov_photo.jpg', 1, 3, '23456', '2023-01-10', 2),
('Семенов', 'Игорь', 'Владимирович', 31, 901345, '2017-08-30', 'ГУВД', 3, 5, '9', '+79217654321', 'semenov_photo.jpg', 3, 2, '34567', '2023-02-15', 3),
('Волков', 'Роман', 'Викторович', 32, 234567, '2021-01-22', 'ГУВД', 2, 3, '15', '+79561234568', 'volkov_photo.jpg', 2, 2, '56789', '2023-01-25', 2);

INSERT INTO employer (name, city_id, street_id, house_number, phone_number) VALUES
('ООО ПрофТек', 1, 1, '15', '+79211234567'),
('ЗАО Инновации', 2, 2, '22', '+79223456789'),
('ПромСтрой', 3, 3, '30', '+79304567890'),
('ТехноМир', 4, 4, '10', '+79425678901'),
('СтройКомплект', 5, 5, '18', '+79561234567'),
('ЭкоТранс', 6, 6, '25', '+79612345678'),
('Медицина +', 7, 7, '12', '+79712345678'),
('АгроПром', 1, 2, '8', '+79813456789'),
('IT-Системы', 2, 3, '5', '+79925678901'),
('ФинТехСервис', 3, 4, '20', '+79346789012'),
('АльфаСтрой', 4, 5, '13', '+79456789013'),
('ГеоИнжиниринг', 5, 1, '6', '+79546789014'),
('СервисПлюс', 6, 2, '17', '+79623456789'),
('РитмТелеком', 7, 3, '14', '+79734567890'),
('Платформа Развития', 1, 4, '9', '+79247654321'),
('Дистрибуция Pro', 2, 5, '25', '+79323456789'),
('ГрузТранс', 3, 6, '11', '+79435678901'),
('ТурИндустрия', 4, 7, '16', '+79546789012'),
('КосмосЛогистика', 5, 8, '19', '+79612345789'),
('ОптимумПласт', 6, 1, '3', '+79712345678'),
('Торговля-Сервис', 7, 2, '8', '+79213456789'),
('ХимАгро', 1, 3, '5', '+79304567890');

INSERT INTO vacancy (position_title, lower_limit_of_salary, upper_limit_of_salary, employer_id) VALUES
('Инженер-технолог', 50000, 70000, 1),
('Системный администратор', 60000, 90000, 2),
('Менеджер по продажам', 45000, 60000, 3),
('Бухгалтер', 50000, 65000, 4),
('Медицинская сестра', 40000, 50000, 5),
('Логист', 45000, 70000, 6),
('Агроном', 42000, 58000, 7),
('Аналитик', 50000, 75000, 8),
('Технический специалист', 48000, 72000, 9),
('Разработчик ПО', 60000, 85000, 10),
('Офис-менеджер', 40000, 55000, 11),
('Специалист по кадрам', 45000, 65000, 12),
('Архитектор IT', 70000, 95000, 13),
('Водитель категории C', 40000, 50000, 14),
('Работник склада', 35000, 45000, 15),
('Инженер-конструктор', 50000, 75000, 16),
('Экономист', 45000, 70000, 17),
('Стажер-программист', 30000, 40000, 18),
('Курьер', 35000, 50000, 19),
('Директор по развитию', 90000, 120000, 20),
('Специалист по маркетингу', 50000, 70000, 1);

INSERT INTO archive (applicant_id, archive_date, performed_by) VALUES
(1, '2023-10-15', 'HR Менеджер'),
(2, '2023-10-20', 'HR Менеджер'),
(3, '2023-09-25', 'HR Менеджер'),
(4, '2023-11-10', 'HR Специалист'),
(5, '2023-12-01', 'HR Директор'),
(6, '2023-08-18', 'HR Менеджер'),
(7, '2023-10-20', 'HR Специалист'),
(8, '2023-11-25', 'HR Директор'),
(9, '2023-12-15', 'HR Менеджер'),
(10, '2023-10-01', 'HR Специалист'),
(11, '2023-08-22', 'HR Директор'),
(12, '2023-09-30', 'HR Менеджер'),
(13, '2023-11-12', 'HR Специалист'),
(14, '2023-10-22', 'HR Менеджер'),
(15, '2023-11-30', 'HR Директор'),
(16, '2023-09-05', 'HR Специалист'),
(17, '2023-12-03', 'HR Менеджер'),
(18, '2023-10-15', 'HR Специалист'),
(19, '2023-09-21', 'HR Менеджер'),
(20, '2023-12-12', 'HR Директор');

INSERT INTO agreement (applicant_id, vacancy_id, signature_date) VALUES
(1, 1, '2023-10-15'),
(2, 2, '2023-11-01'),
(3, 3, '2023-10-20'),
(4, 4, '2023-12-05'),
(5, 5, '2023-09-15'),
(6, 6, '2023-08-20'),
(7, 7, '2023-11-10'),
(8, 8, '2023-10-25'),
(9, 9, '2023-09-30'),
(10, 10, '2023-12-15'),
(11, 11, '2023-10-05'),
(12, 12, '2023-12-01'),
(13, 13, '2023-08-15'),
(14, 14, '2023-10-22'),
(15, 15, '2023-09-25'),
(16, 16, '2023-11-28'),
(17, 17, '2023-12-10'),
(18, 18, '2023-10-01'),
(19, 19, '2023-11-05'),
(20, 20, '2023-12-12');


INSERT INTO specialization_applicant (applicant_id, specialization_id, work_experience) VALUES
(1, 1, 2.5),
(2, 2, 3.0),
(3, 3, 1.5),
(4, 4, 4.0),
(5, 5, 3.5),
(6, 6, 2.0),
(7, 7, 2.5),
(8, 8, 3.0),
(9, 9, 2.0),
(10, 10, 3.5),
(11, 1, 2.0),
(12, 3, 2.5),
(13, 4, 4.0),
(14, 2, 1.0),
(15, 5, 3.0),
(16, 6, 3.5),
(17, 7, 2.0),
(18, 8, 2.5),
(19, 9, 4.0),
(20, 10, 3.0);

INSERT INTO educational_institution_applicant (applicant_id, educational_institution_id) VALUES
(1, 1),
(2, 2),
(3, 3),
(4, 4),
(5, 5),
(6, 6),
(7, 7),
(8, 8),
(9, 9),
(10, 10),
(11, 11),
(12, 12),
(13, 13),
(14, 14),
(15, 15),
(16, 16),
(17, 17),
(18, 18),
(19, 19),
(20, 20);

INSERT INTO vacancy_applicant_requirements (vacancy_id, applicant_requirements_id) VALUES
(1, 1),
(2, 2),
(3, 3),
(4, 4),
(5, 5),
(6, 6),
(7, 7),
(8, 8),
(9, 9),
(10, 10),
(11, 1),
(12, 2),
(13, 3),
(14, 4),
(15, 5),
(16, 6),
(17, 7),
(18, 8),
(19, 9),
(20, 10);

INSERT INTO vacancy_field_of_activity (vacancy_id, field_of_activity_id) VALUES
(1, 1),
(2, 2),
(3, 3),
(4, 4),
(5, 5),
(6, 6),
(7, 7),
(8, 8),
(9, 9),
(10, 10),
(11, 1),
(12, 2),
(13, 3),
(14, 4),
(15, 5),
(16, 6),
(17, 7),
(18, 8),
(19, 9),
(20, 10);

